Workbook

Sheet Instrucciones
B5: Paso | C5: Detalle
B7: 1 | C7: Matriz : revisa subfunciones y alternativas; lee 'Notas' para incompatibilidades.
B8: 2 | C8: Conceptos : combina 1 alternativa por subfunción (A, B, C).
B9: 3 | C9: Criterios : define pesos (suman 1,0) y justifícalos en tu proyecto.
B10: 4 | C10: Puntajes (1-5) : valora cada concepto por criterio (5 = mejor).
B11: 5 | C11: Pugh : compara B y C contra A con +/0/-; revisa sumas.
B12: 6 | C12: Ponderado : calcula Total ponderado = SUMA(peso * puntaje).
B13: 7 | C13: Selecciona los concepto líderes y registra riesgos/ensayos a planificar.

Sheet Notas
D3: Notas de interfaz / compatibilidad
D4: El ESP32 básico no trae ADC de alta resolución ni puerto UART libre de sobra: si se usan sensores electroquímicos ZE03 (UART) junto con cámara y pantalla OLED, conviene migrar a ESP32-S3.
D5: El sensor MQ-137 requiere tiempo de precalentamiento (~24-48h la primera vez, minutos en cada lectura), lo que afecta el 'muestreo periódico' de alta frecuencia.
D6: La alimentación por power bank USB no es compatible con una cámara con bomba de muestreo (mayor consumo): se recomienda batería Li-ion o panel solar + BMS. Los sensores NDIR de CO2 (SCD41/SCD30/MH-Z19B) también consumen más que un MQ-137 y conviene alimentarlos con batería en vez de power bank.
D7: El protocolo Wi-Fi + Firebase requiere cobertura de red estable; en parcelas rurales de papa/yuca alejadas puede ser poco confiable sin un gateway o red celular adicional.
D8: El gabinete IP65 y la cámara con bomba de muestreo elevan el costo y la complejidad mecánica: evaluarlos solo si el criterio de robustez ambiental pesa más que el costo.
D9: La nueva subfunción 'Liberar gases acumulados' debe ser compatible con la cámara elegida: una cámara cerrada estática requiere tapa desmontable/abatible manual, mientras que la cámara con bomba de muestreo funciona mejor con válvula de ventilación automatizada.

Sheet Matriz
C6: Subfunción | D6: Función | E6: Alternativa 1 | F6: Alternativa 2 | G6: Alternativa 3
C7: SENSADO | D7: Detectar concentración de NH3 | E7: MQ-137 | F7: ZE03-NH3 | G7: ME3-NH3
C8: SENSADO | D8: Detectar concentración de CO2 | E8: SCD41 | F8: MH-Z19B | G8: SCD30
C9: SENSADO | D9: Medir temperatura y humedad ambiental | E9: DHT22 | F9: BME280 | G9: SHT31
C10: SENSADO | D10: Medir condiciones del suelo | E10: Humedad capacitiva | F10: Humedad + temperatura | G10: Sensor multiparámetro
C11: PROCESAMIENTO | D11: Procesar información | E11: ESP32 | F11: ESP32-S3 | G11: Raspberry Pi
C12: MECÁNICO | D12: Capturar / concentrar gases para medición | E12: Cámara cerrada estática | F12: Cámara ventilada | G12: Cámara con bomba de muestreo
C13: MECÁNICO | D13: Proteger componentes electrónicos | E13: Caja ABS | F13: Carcasa impresa 3D ABS | G13: Gabinete IP65
C14: MECÁNICO | D14: Ubicar sensores en el cultivo | E14: En la cámara | F14: Cerca del suelo | G14: Soporte regulable
C15: MECÁNICO | D15: Fijar el sistema al terreno | E15: Base con estacas | F15: Trípode portátil | G15: Estructura atornillada
C16: MECÁNICO | D16: Liberar gases acumulados | E16: Tapa desmontable o abatible | F16: Ventilador/extractor con rejilla | G16: Válvula de ventilación
C17: ENERGÍA | D17: Alimentar el sistema | E17: Power bank USB | F17: Batería Li-ion | G17: Panel solar + batería
... C23: SOFTWARE | D23: Exportar información | E23: CSV | F23: Excel / Sheets | G23: API para ML

Sheet Conceptos
B10: Concepto | C10: Detectar concentración de NH3 | D10: Detectar concentración de CO2 | E10: Medir temperatura y humedad ambiental | F10: Medir condiciones del suelo | G10: Procesar información | H10: Capturar/concentrar gases | I10: Proteger componentes electrónicos | J10: Ubicar sensores en el cultivo | K10: Fijar el sistema al terreno | L10: Liberar gases acumulados | M10: Alimentar el sistema | N10: Regular y distribuir energía | O10: Gestionar adquisición de datos | P10: Interfaz de usuario | Q10: Protocolo de comunicación | R10: Almacenamiento histórico | S10: Exportar información
B11: Concepto A (Solución 1 - Básica) | C11: MQ-137 | D11: SCD41 | E11: DHT22 | F11: Humedad capacitiva | G11: ESP32 | H11: Cámara cerrada estática | I11: Caja ABS | J11: En la cámara | K11: Base con estacas | L11: Tapa desmontable o abatible | M11: Power bank USB | N11: LM2596 | O11: Muestreo periódico | P11: Pantalla OLED | Q11: Bluetooth | R11: MicroSD | S11: CSV
B12: Concepto B (Solución 2 - Equilibrada) | C12: ZE03-NH3 | D12: MH-Z19B | E12: BME280 | F12: Humedad + temperatura | G12: ESP32-S3 | H12: Cámara ventilada | I12: Carcasa impresa 3D ABS | J12: Cerca del suelo | K12: Trípode portátil | L12: Ventilador/extractor con rejilla | M12: Batería Li-ion | N12: Convertidor DC-DC | O12: Muestreo por umbral | P12: App móvil | Q12: Wi-Fi + MQTT | R12: Base de datos local | S12: Excel / Sheets
B13: Concepto C (Solución 3 - Avanzada) | C13: ME3-NH3 | D13: SCD30 | E13: SHT31 | F13: Sensor multiparámetro | G13: Raspberry Pi | H13: Cámara con bomba de muestreo | I13: Gabinete IP65 | J13: Soporte regulable | K13: Estructura atornillada | L13: Válvula de ventilación | M13: Panel solar + batería | N13: Módulo BMS | O13: Muestreo adaptativo | P13: Dashboard web | Q13: Wi-Fi + Firebase | R13: Nube | S13: API para ML
B14: Concepto seleccionado por el equipo | C14: ZE03-NH3 | D14: MH-Z19B | E14: BME280 | F14: Humedad + temperatura | G14: ESP32-S3 | H14: Cámara ventilada | I14: Carcasa impresa 3D ABS | J14: Cerca del suelo | K14: Trípode portátil | L14: Ventilador/extractor con rejilla | M14: Batería Li-ion | N14: Convertidor DC-DC | O14: Muestreo por umbral | P14: App móvil | Q14: Wi-Fi + MQTT | R14: Base de datos local | S14: Excel / Sheets

Sheet Puntajes (1-5)
C10: Concepto A (Base) | D10: Concepto B | E10: Concepto C
B11: Precisión de detección de gases (NH3/CO2) | C11: 2 | D11: 5 | E11: 2
B12: Costo del sistema (BOM) | C12: 4 | D12: 1 | E12: 3
B13: Autonomía energética | C13: 2 | D13: 4 | E13: 3
B14: Complejidad de implementación (menor es mejor) | C14: 5 | D14: 2 | E14: 3
B15: Escalabilidad y conectividad (IoT) | C15: 1 | D15: 5 | E15: 4
B16: Robustez ambiental (campo/intemperie) | C16: 1 | D16: 5 | E16: 3

Sheet Criterios
D9: Criterio | E9: Peso
D10: Precisión de detección de gases (NH3/CO2) | E10: 0.25
D11: Costo del sistema (BOM) | E11: 0.2
D12: Autonomía energética | E12: 0.15
D13: Complejidad de implementación (menor es mejor) | E13: 0.2
D14: Escalabilidad y conectividad (IoT) | E14: 0.1
D15: Robustez ambiental (campo/intemperie) | E15: 0.1
D16: TOTAL | E16: =SUM(E10:E15) -> 1

Sheet Pugh
B6: Criterio | C6: Base (A) | D6: B vs A | E6: C vs A
B7: Precisión de detección de gases (NH3/HCN) | C7: 0 | D7: 1 | E7: 1
B8: Costo del sistema (BOM) | C8: 0 | D8: -1 | E8: -1
B9: Autonomía energética | C9: 0 | D9: 1 | E9: 1
B10: Complejidad de implementación (menor es mejor) | C10: 0 | D10: -1 | E10: -1
B11: Escalabilidad y conectividad (IoT) | C11: 0 | D11: 1 | E11: 1
B12: Robustez ambiental (campo/intemperie) | C12: 0 | D12: 1 | E12: 1
C13: Suma | D13: =SUM(D7:D12) -> 2 | E13: =SUM(E7:E12) -> 2

Sheet Ponderado
B9: Criterio | C9: Peso | D9: Concepto A (Base) | E9: Concepto B | F9: Concepto C | G9: - | H9: Peso*Concepto A (Base) | I9: Peso*Concepto B | J9: Peso*Concepto C
B10: Precisión de detección de gases (NH3/HCN) | C10: =Criterios!E10 -> 0.25 | D10: ='Puntajes (1-5)'!C11 -> 2 | E10: ='Puntajes (1-5)'!D11 -> 5 | F10: ='Puntajes (1-5)'!E11 -> 2 | G10: - | H10: =C10*D10 -> 0.5 | I10: =C10*E10 -> 1.25 | J10: =C10*F10 -> 0.5
B11: Costo del sistema (BOM) | C11: =Criterios!E11 -> 0.2 | D11: ='Puntajes (1-5)'!C12 -> 4 | E11: ='Puntajes (1-5)'!D12 -> 1 | F11: ='Puntajes (1-5)'!E12 -> 3 | G11: - | H11: =C11*D11 -> 0.8 | I11: =C11*E11 -> 0.2 | J11: =C11*F11 -> 0.6
B12: Autonomía energética | C12: =Criterios!E12 -> 0.15 | D12: ='Puntajes (1-5)'!C13 -> 2 | E12: ='Puntajes (1-5)'!D13 -> 4 | F12: ='Puntajes (1-5)'!E13 -> 3 | G12: - | H12: =C12*D12 -> 0.3 | I12: =C12*E12 -> 0.6 | J12: =C12*F12 -> 0.45
B13: Complejidad de implementación (menor es mejor) | C13: =Criterios!E13 -> 0.2 | D13: ='Puntajes (1-5)'!C14 -> 5 | E13: ='Puntajes (1-5)'!D14 -> 2 | F13: ='Puntajes (1-5)'!E14 -> 3 | G13: - | H13: =C13*D13 -> 1 | I13: =C13*E13 -> 0.4 | J13: =C13*F13 -> 0.6
B14: Escalabilidad y conectividad (IoT) | C14: =Criterios!E14 -> 0.1 | D14: ='Puntajes (1-5)'!C15 -> 1 | E14: ='Puntajes (1-5)'!D15 -> 5 | F14: ='Puntajes (1-5)'!E15 -> 4 | G14: - | H14: =C14*D14 -> 0.1 | I14: =C14*E14 -> 0.5 | J14: =C14*F14 -> 0.4
B15: Robustez ambiental (campo/intemperie) | C15: =Criterios!E15 -> 0.1 | D15: ='Puntajes (1-5)'!C16 -> 1 | E15: ='Puntajes (1-5)'!D16 -> 5 | F15: ='Puntajes (1-5)'!E16 -> 3 | G15: - | H15: =C15*D15 -> 0.1 | I15: =C15*E15 -> 0.5 | J15: =C15*F15 -> 0.3
B16: Total ponderado | C16: - | D16: - | E16: - | F16: - | G16: - | H16: =SUM(H10:H15) -> 2.8 | I16: =SUM(I10:I15) -> 3.45 | J16: =SUM(J10:J15) -> 2.85
